year_month,date,region,country,average_price,target_next_quarter_price,predicted_price,error,absolute_error
2024-01,2024-01-01,Northern Ireland,Northern Ireland,169060,175418.0,165926.27820947906,9491.72179052094,9491.72179052094
2024-01,2024-01-01,West Midlands,England,232200,233571.0,229833.7381327465,3737.261867253488,3737.261867253488
2024-01,2024-01-01,East,England,328802,325736.0,321255.14151159994,4480.858488400059,4480.858488400059
2024-01,2024-01-01,Yorkshire and The Humber,England,191618,191916.0,188950.23864669213,2965.7613533078693,2965.7613533078693
2024-01,2024-01-01,North East,England,147973,146629.0,146969.01596335048,-340.0159633504809,340.0159633504809
2024-01,2024-01-01,South East,England,369326,369214.0,362215.27566952095,6998.724330479046,6998.724330479046
2024-01,2024-01-01,North West,England,196802,198529.0,195659.96301506733,2869.036984932667,2869.036984932667
2024-01,2024-01-01,Wales,Wales,197808,199545.0,196993.41035579666,2551.589644203341,2551.589644203341
2024-01,2024-01-01,Scotland,Scotland,179248,180647.0,173532.6420817868,7114.357918213209,7114.357918213209
2024-01,2024-01-01,London,England,551097,548467.0,545196.6256461631,3270.3743538368726,3270.3743538368726
2024-01,2024-01-01,East Midlands,England,227053,227940.0,223962.14752601122,3977.85247398878,3977.85247398878
2024-01,2024-01-01,South West,England,299150,297850.0,289917.51505808433,7932.484941915667,7932.484941915667
2024-02,2024-02-01,East Midlands,England,227623,230613.0,221754.71294617548,8858.287053824519,8858.287053824519
2024-02,2024-02-01,West Midlands,England,232662,236114.0,227328.69345467692,8785.306545323081,8785.306545323081
2024-02,2024-02-01,London,England,546247,553592.0,547137.5544191684,6454.4455808316125,6454.4455808316125
2024-02,2024-02-01,East,England,324976,326196.0,323615.25387941237,2580.7461205876316,2580.7461205876316
2024-02,2024-02-01,North East,England,148690,149642.0,144992.25740407518,4649.742595924821,4649.742595924821
2024-02,2024-02-01,Yorkshire and The Humber,England,191087,193994.0,187802.24013408847,6191.759865911532,6191.759865911532
2024-02,2024-02-01,Scotland,Scotland,175883,180418.0,176326.9805718969,4091.0194281031145,4091.0194281031145
2024-02,2024-02-01,South East,England,367789,372808.0,364181.02226334554,8626.977736654459,8626.977736654459
2024-02,2024-02-01,South West,England,296587,298492.0,294206.11301800347,4285.886981996533,4285.886981996533
2024-02,2024-02-01,Northern Ireland,Northern Ireland,169060,175418.0,166853.31015110924,8564.689848890761,8564.689848890761
2024-02,2024-02-01,Wales,Wales,199272,199330.0,193426.30285379034,5903.697146209655,5903.697146209655
2024-02,2024-02-01,North West,England,196304,202747.0,192280.41535720008,10466.58464279992,10466.58464279992
2024-03,2024-03-01,Yorkshire and The Humber,England,192827,197974.0,188725.1402143047,9248.859785695298,9248.859785695298
2024-03,2024-03-01,South West,England,295240,297239.0,292024.4770324345,5214.522967565514,5214.522967565514
2024-03,2024-03-01,Northern Ireland,Northern Ireland,169060,175418.0,166876.62929721986,8541.370702780143,8541.370702780143
2024-03,2024-03-01,North West,England,198378,201998.0,192526.8901132503,9471.109886749706,9471.109886749706
2024-03,2024-03-01,West Midlands,England,231972,238654.0,228986.14803849268,9667.851961507316,9667.851961507316
2024-03,2024-03-01,Wales,Wales,200795,204368.0,195750.13028885607,8617.869711143925,8617.869711143925
2024-03,2024-03-01,East Midlands,England,227703,228627.0,222861.3850423279,5765.614957672107,5765.614957672107
2024-03,2024-03-01,Scotland,Scotland,177778,181219.0,173021.9301516267,8197.0698483733,8197.0698483733
2024-03,2024-03-01,London,England,547437,556853.0,543018.9071728785,13834.092827121494,13834.092827121494
2024-03,2024-03-01,North East,England,147221,151871.0,145613.6068838617,6257.393116138293,6257.393116138293
2024-03,2024-03-01,South East,England,366875,373083.0,363007.73757024243,10075.262429757568,10075.262429757568
2024-03,2024-03-01,East,England,322950,325834.0,320144.80109944084,5689.19890055916,5689.19890055916
2024-04,2024-04-01,Wales,Wales,199545,204982.0,197611.96588954856,7370.034110451437,7370.034110451437
2024-04,2024-04-01,North East,England,146629,151703.0,143513.06094945304,8189.939050546964,8189.939050546964
2024-04,2024-04-01,Yorkshire and The Humber,England,191916,197976.0,189434.30832080013,8541.691679199866,8541.691679199866
2024-04,2024-04-01,Scotland,Scotland,180647,185882.0,174783.78033627,11098.219663730008,11098.219663730008
2024-04,2024-04-01,London,England,548467,557831.0,544035.8849160484,13795.11508395162,13795.11508395162
2024-04,2024-04-01,East Midlands,England,227940,233319.0,222798.08346991648,10520.916530083516,10520.916530083516
2024-04,2024-04-01,West Midlands,England,233571,239774.0,228523.84182491316,11250.158175086835,11250.158175086835
2024-04,2024-04-01,South East,England,369214,377066.0,362439.739055787,14626.26094421302,14626.26094421302
2024-04,2024-04-01,East,England,325736,330577.0,319096.0475231437,11480.952476856299,11480.952476856299
2024-04,2024-04-01,South West,England,297850,301845.0,290967.7078354895,10877.292164510523,10877.292164510523
2024-04,2024-04-01,Northern Ireland,Northern Ireland,175418,180467.0,167924.26804442093,12542.731955579075,12542.731955579075
2024-04,2024-04-01,North West,England,198529,203585.0,194789.18080141157,8795.819198588433,8795.819198588433
2024-05,2024-05-01,North East,England,149642,153371.0,143715.46824026172,9655.531759738282,9655.531759738282
2024-05,2024-05-01,South East,England,372808,381897.0,365247.7932343334,16649.206765666604,16649.206765666604
2024-05,2024-05-01,Yorkshire and The Humber,England,193994,201974.0,189377.17088353605,12596.829116463952,12596.829116463952
2024-05,2024-05-01,Northern Ireland,Northern Ireland,175418,180467.0,174188.7347624575,6278.26523754251,6278.26523754251
2024-05,2024-05-01,West Midlands,England,236114,241068.0,230223.81840312367,10844.181596876326,10844.181596876326
2024-05,2024-05-01,East,England,326196,332456.0,321882.5765500482,10573.423449951806,10573.423449951806
2024-05,2024-05-01,South West,England,298492,303164.0,293642.25944968045,9521.740550319548,9521.740550319548
2024-05,2024-05-01,London,England,553592,567121.0,545262.4422811936,21858.557718806434,21858.557718806434
2024-05,2024-05-01,North West,England,202747,207404.0,195518.16623088662,11885.833769113378,11885.833769113378
2024-05,2024-05-01,Wales,Wales,199330,207156.0,195432.86541002704,11723.134589972964,11723.134589972964
2024-05,2024-05-01,East Midlands,England,230613,234304.0,223708.4024681706,10595.597531829408,10595.597531829408
2024-05,2024-05-01,Scotland,Scotland,180418,186285.0,176485.97839248885,9799.021607511153,9799.021607511153
2024-06,2024-06-01,Northern Ireland,Northern Ireland,175418,180467.0,174212.0539085681,6254.946091431892,6254.946091431892
2024-06,2024-06-01,Scotland,Scotland,181219,184496.0,177086.6056373721,7409.394362627907,7409.394362627907
2024-06,2024-06-01,West Midlands,England,238654,242607.0,232858.7088017449,9748.291198255087,9748.291198255087
2024-06,2024-06-01,South West,England,297239,304305.0,294300.56331524963,10004.43668475037,10004.43668475037
2024-06,2024-06-01,North West,England,201998,207922.0,199291.74936005886,8630.250639941136,8630.250639941136
2024-06,2024-06-01,South East,England,373083,380519.0,368940.82464102586,11578.175358974142,11578.175358974142
2024-06,2024-06-01,North East,England,151871,156297.0,146463.18799386354,9833.81200613646,9833.81200613646
2024-06,2024-06-01,Yorkshire and The Humber,England,197974,198849.0,191229.1773328852,7619.822667114786,7619.822667114786
2024-06,2024-06-01,East,England,325834,333803.0,322359.3084382356,11443.691561764397,11443.691561764397
2024-06,2024-06-01,Wales,Wales,204368,203822.0,196068.49951452806,7753.500485471945,7753.500485471945
2024-06,2024-06-01,London,England,556853,566882.0,550344.2519877099,16537.748012290103,16537.748012290103
2024-06,2024-06-01,East Midlands,England,228627,234886.0,225527.07063215834,9358.929367841658,9358.929367841658
2024-07,2024-07-01,East,England,330577,333824.0,322016.4304312628,11807.569568737177,11807.569568737177
2024-07,2024-07-01,Wales,Wales,204982,207454.0,200388.69319221016,7065.306807789835,7065.306807789835
2024-07,2024-07-01,North West,England,203585,207841.0,198626.33400050714,9214.665999492863,9214.665999492863
2024-07,2024-07-01,South West,England,301845,306423.0,293035.9140854741,13387.085914525902,13387.085914525902
2024-07,2024-07-01,London,England,557831,560909.0,553193.2400350883,7715.759964911733,7715.759964911733
2024-07,2024-07-01,Northern Ireland,Northern Ireland,180467,182320.0,174079.57960875714,8240.420391242864,8240.420391242864
2024-07,2024-07-01,East Midlands,England,233319,236104.0,224376.7873102205,11727.212689779495,11727.212689779495
2024-07,2024-07-01,South East,England,377066,381155.0,369231.7253381035,11923.274661896518,11923.274661896518
2024-07,2024-07-01,Scotland,Scotland,185882,185664.0,178195.27341586124,7468.726584138756,7468.726584138756
2024-07,2024-07-01,Yorkshire and The Humber,England,197976,199913.0,194736.31106622197,5176.68893377803,5176.68893377803
2024-07,2024-07-01,West Midlands,England,239774,241362.0,235157.99723674194,6204.00276325806,6204.00276325806
2024-07,2024-07-01,North East,England,151703,155424.0,148023.03048363907,7400.9695163609285,7400.9695163609285
2024-08,2024-08-01,London,England,567121,559925.0,554999.8491964175,4925.15080358251,4925.15080358251
2024-08,2024-08-01,South East,England,381897,377413.0,373713.0747433243,3699.9252566756913,3699.9252566756913
2024-08,2024-08-01,South West,England,303164,300240.0,297776.3070788896,2463.692921110429,2463.692921110429
2024-08,2024-08-01,Scotland,Scotland,186285,184775.0,182753.98084391686,2021.0191560831445,2021.0191560831445
2024-08,2024-08-01,East Midlands,England,234304,235874.0,229016.99829208,6857.00170791999,6857.00170791999
2024-08,2024-08-01,East,England,332456,332235.0,327078.2118901459,5156.788109854097,5156.788109854097
2024-08,2024-08-01,Northern Ireland,Northern Ireland,180467,182320.0,179219.3278435079,3100.6721564921027,3100.6721564921027
2024-08,2024-08-01,Yorkshire and The Humber,England,201974,201710.0,195208.5707293935,6501.429270606488,6501.429270606488
2024-08,2024-08-01,North East,England,153371,155962.0,147264.0021074789,8697.997892521089,8697.997892521089
2024-08,2024-08-01,West Midlands,England,241068,243459.0,236748.67799775445,6710.32200224555,6710.32200224555
2024-08,2024-08-01,Wales,Wales,207156,207435.0,201093.87124537484,6341.128754625155,6341.128754625155
2024-08,2024-08-01,North West,England,207404,208283.0,201218.99253698942,7064.007463010581,7064.007463010581
2024-09,2024-09-01,South East,England,380519,378958.0,378309.68482549815,648.3151745018549,648.3151745018549
2024-09,2024-09-01,West Midlands,England,242607,241278.0,237986.51892113863,3291.4810788613686,3291.4810788613686
2024-09,2024-09-01,Scotland,Scotland,184496,181800.0,183439.52348714042,-1639.5234871404245,1639.5234871404245
2024-09,2024-09-01,London,England,566882,556882.0,563465.1742598072,-6583.174259807216,6583.174259807216
2024-09,2024-09-01,Northern Ireland,Northern Ireland,180467,182320.0,179171.0919972603,3148.908002739714,3148.908002739714
2024-09,2024-09-01,South West,England,304305,300210.0,299345.21672504337,864.7832749566296,864.7832749566296
2024-09,2024-09-01,Yorkshire and The Humber,England,198849,201791.0,199164.3679607605,2626.6320392395137,2626.6320392395137
2024-09,2024-09-01,North East,England,156297,158022.0,150601.9866347432,7420.013365256804,7420.013365256804
2024-09,2024-09-01,Wales,Wales,203822,204641.0,202332.84379145657,2308.156208543427,2308.156208543427
2024-09,2024-09-01,North West,England,207922,207967.0,204771.7576622425,3195.2423377574887,3195.2423377574887
2024-09,2024-09-01,East,England,333803,332966.0,329019.06520806835,3946.9347919316497,3946.9347919316497
2024-09,2024-09-01,East Midlands,England,234886,237904.0,230508.29806384453,7395.70193615547,7395.70193615547
2024-10,2024-10-01,East,England,333824,332546.0,330812.0293496255,1733.970650374482,1733.970650374482
2024-10,2024-10-01,South East,England,381155,381267.0,377292.2545654534,3974.7454345466103,3974.7454345466103
2024-10,2024-10-01,North East,England,155424,154863.0,153449.81849158072,1413.1815084192785,1413.1815084192785
2024-10,2024-10-01,Yorkshire and The Humber,England,199913,200501.0,196135.35840944116,4365.6415905588365,4365.6415905588365
2024-10,2024-10-01,West Midlands,England,241362,241526.0,239652.77643899195,1873.2235610080534,1873.2235610080534
2024-10,2024-10-01,North West,England,207841,207957.0,205108.53657140085,2848.4634285991488,2848.4634285991488
2024-10,2024-10-01,East Midlands,England,236104,236516.0,231584.68081024583,4931.319189754169,4931.319189754169
2024-10,2024-10-01,South West,England,306423,301828.0,300616.9899260214,1211.0100739786285,1211.0100739786285
2024-10,2024-10-01,Scotland,Scotland,185664,185315.0,181965.1232789578,3349.8767210422084,3349.8767210422084
2024-10,2024-10-01,London,England,560909,563861.0,563539.6249087995,321.3750912004616,321.3750912004616
2024-10,2024-10-01,Northern Ireland,Northern Ireland,182320,184322.0,180117.5490132427,4204.450986757292,4204.450986757292
2024-10,2024-10-01,Wales,Wales,207454,206010.0,200210.90386532227,5799.096134677733,5799.096134677733
2024-11,2024-11-01,North West,England,208283,209139.0,205421.86015094785,3717.1398490521533,3717.1398490521533
2024-11,2024-11-01,North East,England,155962,157310.0,152740.19585055,4569.804149450007,4569.804149450007
2024-11,2024-11-01,East,England,332235,331922.0,330672.9529644343,1249.0470355657162,1249.0470355657162
2024-11,2024-11-01,London,England,559925,561072.0,558207.8648372594,2864.1351627405966,2864.1351627405966
2024-11,2024-11-01,Wales,Wales,207435,205266.0,203772.78218647634,1493.2178135236609,1493.2178135236609
2024-11,2024-11-01,West Midlands,England,243459,244610.0,239026.25868269338,5583.741317306616,5583.741317306616
2024-11,2024-11-01,South East,England,377413,380137.0,377690.08758262265,2446.9124173773453,2446.9124173773453
2024-11,2024-11-01,Yorkshire and The Humber,England,201710,201403.0,197620.57256477026,3782.427435229736,3782.427435229736
2024-11,2024-11-01,East Midlands,England,235874,236450.0,232768.8153320577,3681.184667942289,3681.184667942289
2024-11,2024-11-01,Scotland,Scotland,184775,182421.0,183000.8587501481,-579.8587501480943,579.8587501480943
2024-11,2024-11-01,South West,England,300240,301560.0,302566.61212323,-1006.6121232300065,1006.6121232300065
2024-11,2024-11-01,Northern Ireland,Northern Ireland,182320,184322.0,181795.9860587844,2526.013941215613,2526.013941215613
2024-12,2024-12-01,South East,England,378958,381452.0,375415.89609700756,6036.103902992443,6036.103902992443
2024-12,2024-12-01,West Midlands,England,241278,246603.0,241060.80968228023,5542.190317719767,5542.190317719767
2024-12,2024-12-01,North West,England,207967,216425.0,205882.30891898487,10542.691081015131,10542.691081015131
2024-12,2024-12-01,South West,England,300210,303287.0,297500.5416354099,5786.458364590071,5786.458364590071
2024-12,2024-12-01,Yorkshire and The Humber,England,201791,208152.0,199892.78804807027,8259.211951929727,8259.211951929727
2024-12,2024-12-01,East,England,332966,336733.0,329797.7245131858,6935.275486814207,6935.275486814207
2024-12,2024-12-01,Scotland,Scotland,181800,183642.0,182260.30328806036,1381.6967119396431,1381.6967119396431
2024-12,2024-12-01,East Midlands,England,237904,240072.0,233582.96937803243,6489.0306219675695,6489.0306219675695
2024-12,2024-12-01,London,England,556882,553812.0,557172.9390804104,-3360.939080410404,3360.939080410404
2024-12,2024-12-01,Wales,Wales,204641,207151.0,203297.66030834528,3853.339691654721,3853.339691654721
2024-12,2024-12-01,Northern Ireland,Northern Ireland,182320,184322.0,182043.7498204416,2278.2501795584103,2278.2501795584103
2024-12,2024-12-01,North East,England,158022,163542.0,154159.11372282426,9382.886277175741,9382.886277175741
2025-01,2025-01-01,West Midlands,England,241526,236991.0,239388.56555218622,-2397.565552186221,2397.565552186221
2025-01,2025-01-01,Yorkshire and The Humber,England,200501,194026.0,199949.21925592129,-5923.219255921285,5923.219255921285
2025-01,2025-01-01,Northern Ireland,Northern Ireland,184322,185455.0,182251.85417222485,3203.1458277751517,3203.1458277751517
2025-01,2025-01-01,South East,England,381267,375519.0,376883.88474822365,-1364.8847482236451,1364.8847482236451
2025-01,2025-01-01,North East,England,154863,148461.0,156328.4454190827,-7867.445419082709,7867.445419082709
2025-01,2025-01-01,North West,England,207957,201694.0,206307.8605327776,-4613.860532777588,4613.860532777588
2025-01,2025-01-01,South West,England,301828,292255.0,297310.32988264435,-5055.32988264435,5055.32988264435
2025-01,2025-01-01,London,England,563861,564530.0,554583.8429345142,9946.157065485837,9946.157065485837
2025-01,2025-01-01,East Midlands,England,236516,228979.0,235707.06768057458,-6728.067680574575,6728.067680574575
2025-01,2025-01-01,Wales,Wales,206010,205275.0,201846.80363585075,3428.1963641492475,3428.1963641492475
2025-01,2025-01-01,Scotland,Scotland,185315,186736.0,179620.81562316036,7115.184376839636,7115.184376839636
2025-01,2025-01-01,East,England,332546,323863.0,329987.5537075296,-6124.553707529616,6124.553707529616
2025-02,2025-02-01,South East,England,380137,376044.0,379157.6949686073,-3113.6949686072767,3113.6949686072767
2025-02,2025-02-01,London,England,561072,564719.0,561378.4217426573,3340.578257342684,3340.578257342684
2025-02,2025-02-01,Yorkshire and The Humber,England,201403,199922.0,198884.26085373768,1037.73914626232,1037.73914626232
2025-02,2025-02-01,West Midlands,England,244610,240959.0,240002.2862911952,956.7137088048039,956.7137088048039
2025-02,2025-02-01,North West,England,209139,207163.0,206620.74133343325,542.2586665667477,542.2586665667477
2025-02,2025-02-01,South West,England,301560,296607.0,299200.68775876716,-2593.6877587671624,2593.6877587671624
2025-02,2025-02-01,Scotland,Scotland,182421,186677.0,182949.03860930295,3727.961390697048,3727.961390697048
2025-02,2025-02-01,Northern Ireland,Northern Ireland,184322,185455.0,184236.28826037995,1218.7117396200483,1218.7117396200483
2025-02,2025-02-01,East,England,331922,330410.0,329975.73853429675,434.26146570325363,434.26146570325363
2025-02,2025-02-01,North East,England,157310,154511.0,153738.91289518934,772.0871048106637,772.0871048106637
2025-02,2025-02-01,Wales,Wales,205266,206296.0,202905.6247245335,3390.375275466504,3390.375275466504
2025-02,2025-02-01,East Midlands,England,236450,233206.0,234189.83235863334,-983.8323586333427,983.8323586333427
2025-03,2025-03-01,East,England,336733,335072.0,330469.3959043276,4602.604095672374,4602.604095672374
2025-03,2025-03-01,South West,England,303287,298270.0,299669.2058413528,-1399.2058413528139,1399.2058413528139
2025-03,2025-03-01,North East,England,163542,158448.0,158319.41455755435,128.58544244564837,128.58544244564837
2025-03,2025-03-01,London,England,553812,566934.0,558310.529676745,8623.470323255053,8623.470323255053
2025-03,2025-03-01,Northern Ireland,Northern Ireland,184322,185455.0,184460.5490738114,994.4509261886124,994.4509261886124
2025-03,2025-03-01,Wales,Wales,207151,208972.0,202303.54193651033,6668.45806348967,6668.45806348967
2025-03,2025-03-01,Scotland,Scotland,183642,190184.0,180212.089287188,9971.910712812009,9971.910712812009
2025-03,2025-03-01,South East,England,381452,379190.0,378421.17280891887,768.8271910811309,768.8271910811309
2025-03,2025-03-01,West Midlands,England,246603,244232.0,243622.00881761216,609.9911823878356,609.9911823878356
2025-03,2025-03-01,Yorkshire and The Humber,England,208152,200280.0,200762.31195066357,-482.3119506635703,482.3119506635703
2025-03,2025-03-01,North West,England,216425,210061.0,208994.89703055678,1066.1029694432218,1066.1029694432218
2025-03,2025-03-01,East Midlands,England,240072,234796.0,235023.17363289464,-227.17363289464265,227.17363289464265
2025-04,2025-04-01,Wales,Wales,205275,208958.0,204141.00232294257,4816.9976770574285,4816.9976770574285
2025-04,2025-04-01,South East,England,375519,380669.0,378748.8322337318,1920.1677662681905,1920.1677662681905
2025-04,2025-04-01,Yorkshire and The Humber,England,194026,202757.0,204528.2283388798,-1771.228338879795,1771.228338879795
2025-04,2025-04-01,North West,England,201694,212253.0,212869.95072668509,-616.9507266850851,616.9507266850851
2025-04,2025-04-01,North East,England,148461,159086.0,160274.40126244203,-1188.4012624420284,1188.4012624420284
2025-04,2025-04-01,London,England,564530,568801.0,551973.955409813,16827.044590187026,16827.044590187026
2025-04,2025-04-01,Scotland,Scotland,186736,191136.0,181442.90488743933,9693.095112560666,9693.095112560666
2025-04,2025-04-01,East,England,323863,336155.0,333085.2233485073,3069.7766514926916,3069.7766514926916
2025-04,2025-04-01,East Midlands,England,228979,238143.0,236477.12738817572,1665.8726118242776,1665.8726118242776
2025-04,2025-04-01,South West,England,292255,302768.0,299385.3047401116,3382.6952598884236,3382.6952598884236
2025-04,2025-04-01,West Midlands,England,236991,247100.0,243373.8985478776,3726.1014521224133,3726.1014521224133
2025-04,2025-04-01,Northern Ireland,Northern Ireland,185455,193080.0,182977.07175328681,10102.928246713185,10102.928246713185
2025-05,2025-05-01,North East,England,154511,160561.0,146844.67879940002,13716.321200599981,13716.321200599981
2025-05,2025-05-01,North West,England,207163,216036.0,198754.34066379457,17281.659336205426,17281.659336205426
2025-05,2025-05-01,Scotland,Scotland,186677,192091.0,184751.95568921074,7339.044310789264,7339.044310789264
2025-05,2025-05-01,Northern Ireland,Northern Ireland,185455,193080.0,183938.51590669967,9141.484093300329,9141.484093300329
2025-05,2025-05-01,West Midlands,England,240959,248669.0,234320.31453481023,14348.685465189774,14348.685465189774
2025-05,2025-05-01,East,England,330410,338842.0,321387.4060750081,17454.593924991903,17454.593924991903
2025-05,2025-05-01,Wales,Wales,206296,209643.0,202617.91056215978,7025.089437840215,7025.089437840215
2025-05,2025-05-01,South West,England,296607,305285.0,289289.1458610041,15995.854138995928,15995.854138995928
2025-05,2025-05-01,South East,England,376044,384746.0,372822.08340488654,11923.916595113464,11923.916595113464
2025-05,2025-05-01,East Midlands,England,233206,242720.0,225823.74674289697,16896.25325710303,16896.25325710303
2025-05,2025-05-01,Yorkshire and The Humber,England,199922,205874.0,191655.3612074931,14218.638792506914,14218.638792506914
2025-05,2025-05-01,London,England,564719,565321.0,561909.2495032945,3411.7504967055283,3411.7504967055283
2025-06,2025-06-01,Scotland,Scotland,190184,192510.0,185435.21760827728,7074.7823917227215,7074.7823917227215
2025-06,2025-06-01,South East,England,379190,381496.0,373808.275332742,7687.724667257979,7687.724667257979
2025-06,2025-06-01,Wales,Wales,208972,211365.0,203446.13436298407,7918.86563701593,7918.86563701593
2025-06,2025-06-01,Northern Ireland,Northern Ireland,185455,193080.0,184059.08897607762,9020.911023922381,9020.911023922381
2025-06,2025-06-01,North West,England,210061,214357.0,204935.9575420063,9421.042457993695,9421.042457993695
2025-06,2025-06-01,East,England,335072,338776.0,328564.187880669,10211.812119330978,10211.812119330978
2025-06,2025-06-01,Yorkshire and The Humber,England,200280,205658.0,196755.11241269225,8902.887587307749,8902.887587307749
2025-06,2025-06-01,London,England,566934,562880.0,562306.9604903148,573.0395096852444,573.0395096852444
2025-06,2025-06-01,North East,England,158448,160801.0,153125.15174833627,7675.8482516637305,7675.8482516637305
2025-06,2025-06-01,West Midlands,England,244232,248798.0,238357.0955253845,10440.904474615498,10440.904474615498
2025-06,2025-06-01,East Midlands,England,234796,240967.0,230760.2421315837,10206.757868416287,10206.757868416287
2025-06,2025-06-01,South West,England,298270,303536.0,293998.58539039444,9537.414609605563,9537.414609605563
2025-07,2025-07-01,North West,England,212253,215926.0,207741.8565601709,8184.143439829088,8184.143439829088
2025-07,2025-07-01,North East,England,159086,162717.0,156978.34548346227,5738.654516537732,5738.654516537732
2025-07,2025-07-01,London,England,568801,553684.0,564430.2373677453,-10746.237367745256,10746.237367745256
2025-07,2025-07-01,East Midlands,England,238143,243512.0,232128.95266535768,11383.047334642324,11383.047334642324
2025-07,2025-07-01,East,England,336155,341277.0,332595.9725912556,8681.027408744383,8681.027408744383
2025-07,2025-07-01,Northern Ireland,Northern Ireland,193080,195111.0,184633.3669009879,10477.633099012106,10477.633099012106
2025-07,2025-07-01,Yorkshire and The Humber,England,202757,206850.0,197540.0731568259,9309.926843174093,9309.926843174093
2025-07,2025-07-01,Wales,Wales,208958,212665.0,205700.29522589716,6964.704774102836,6964.704774102836
2025-07,2025-07-01,South East,England,380669,385133.0,376664.17436202,8468.825637980015,8468.825637980015
2025-07,2025-07-01,South West,England,302768,302910.0,295560.64526960463,7349.354730395367,7349.354730395367
2025-07,2025-07-01,West Midlands,England,247100,249192.0,241652.2942791775,7539.7057208225015,7539.7057208225015
2025-07,2025-07-01,Scotland,Scotland,191136,192757.0,188087.7524096939,4669.247590306099,4669.247590306099
2025-08,2025-08-01,North East,England,160561,166004.0,157136.92026701936,8867.079732980637,8867.079732980637
2025-08,2025-08-01,London,England,565321,557252.0,565343.7199774042,-8091.719977404224,8091.719977404224
2025-08,2025-08-01,South East,England,384746,381561.0,377905.3243004028,3655.6756995972246,3655.6756995972246
2025-08,2025-08-01,Wales,Wales,209643,211062.0,205423.63672734002,5638.363272659975,5638.363272659975
2025-08,2025-08-01,East Midlands,England,242720,243946.0,236021.3236662257,7924.676333774289,7924.676333774289
2025-08,2025-08-01,Scotland,Scotland,192091,192959.0,188999.49640874282,3959.5035912571766,3959.5035912571766
2025-08,2025-08-01,East,England,338842,339562.0,333670.70082821965,5891.2991717803525,5891.2991717803525
2025-08,2025-08-01,West Midlands,England,248669,249540.0,244367.83019061072,5172.169809389277,5172.169809389277
2025-08,2025-08-01,Yorkshire and The Humber,England,205874,209583.0,199703.70230731304,9879.29769268696,9879.29769268696
2025-08,2025-08-01,South West,England,305285,305978.0,299945.846408005,6032.153591995011,6032.153591995011
2025-08,2025-08-01,Northern Ireland,Northern Ireland,193080,195111.0,191935.86413477972,3175.135865220276,3175.135865220276
2025-08,2025-08-01,North West,England,216036,218593.0,209875.83440984378,8717.165590156219,8717.165590156219
2025-09,2025-09-01,West Midlands,England,248798,246039.0,245948.12614368903,90.8738563109655,90.8738563109655
2025-09,2025-09-01,North East,England,160801,162610.0,157954.93914563267,4655.06085436733,4655.06085436733
2025-09,2025-09-01,South East,England,381496,376823.0,381839.77395508863,-5016.773955088633,5016.773955088633
2025-09,2025-09-01,Scotland,Scotland,192510,187909.0,190594.97940875287,-2685.9794087528717,2685.9794087528717
2025-09,2025-09-01,South West,England,303536,300869.0,302336.67415903654,-1467.6741590365418,1467.6741590365418
2025-09,2025-09-01,East Midlands,England,240967,242422.0,239943.59654149166,2478.4034585083427,2478.4034585083427
2025-09,2025-09-01,Northern Ireland,Northern Ireland,193080,195111.0,192170.27886829764,2940.721131702361,2940.721131702361
2025-09,2025-09-01,Yorkshire and The Humber,England,205658,206868.0,203387.26856489741,3480.7314351025852,3480.7314351025852
2025-09,2025-09-01,North West,England,214357,216134.0,213372.21738284302,2761.782617156976,2761.782617156976
2025-09,2025-09-01,East,England,338776,337154.0,336291.14268312615,862.8573168738512,862.8573168738512
2025-09,2025-09-01,Wales,Wales,211365,213977.0,207090.1217144838,6886.878285516199,6886.878285516199
2025-09,2025-09-01,London,England,562880,547969.0,561914.4512387868,-13945.451238786802,13945.451238786802
2025-10,2025-10-01,South East,England,385133,378178.0,379004.5027217866,-826.5027217866154,826.5027217866154
2025-10,2025-10-01,Yorkshire and The Humber,England,206850,206137.0,203177.53632392825,2959.463676071755,2959.463676071755
2025-10,2025-10-01,South West,England,302910,299003.0,300202.4309983038,-1199.430998303811,1199.430998303811
2025-10,2025-10-01,East Midlands,England,243512,239750.0,238325.86978935974,1424.1302106402582,1424.1302106402582
2025-10,2025-10-01,West Midlands,England,249192,246080.0,246361.6726578134,-281.6726578134112,281.6726578134112
2025-10,2025-10-01,East,England,341277,334542.0,336470.3253095786,-1928.3253095786204,1928.3253095786204
2025-10,2025-10-01,London,England,553684,551438.0,559279.0945934763,-7841.094593476271,7841.094593476271
2025-10,2025-10-01,North West,England,215926,213891.0,212024.65226917612,1866.3477308238798,1866.3477308238798
2025-10,2025-10-01,Northern Ireland,Northern Ireland,195111,198015.0,192168.00219522294,5846.997804777056,5846.997804777056
2025-10,2025-10-01,Scotland,Scotland,192757,187641.0,190734.63323282124,-3093.6332328212447,3093.6332328212447
2025-10,2025-10-01,North East,England,162717,158758.0,159013.47152206,-255.4715220599901,255.4715220599901
2025-10,2025-10-01,Wales,Wales,212665,209593.0,208166.0426389726,1426.9573610273947,1426.9573610273947
2025-11,2025-11-01,West Midlands,England,249540,249462.0,246527.84594091197,2934.154059088032,2934.154059088032
2025-11,2025-11-01,North West,England,218593,216416.0,213958.48177035962,2457.51822964038,2457.51822964038
2025-11,2025-11-01,Yorkshire and The Humber,England,209583,209669.0,204418.43387476634,5250.566125233658,5250.566125233658
2025-11,2025-11-01,Northern Ireland,Northern Ireland,195111,198015.0,194178.66800163826,3836.3319983617403,3836.3319983617403
2025-11,2025-11-01,Wales,Wales,211062,211194.0,209288.63366746082,1905.3663325391826,1905.3663325391826
2025-11,2025-11-01,North East,England,166004,162983.0,161409.3596796526,1573.6403203473892,1573.6403203473892
2025-11,2025-11-01,Scotland,Scotland,192959,187780.0,191193.99306817428,-3413.9930681742844,3413.9930681742844
2025-11,2025-11-01,East,England,339562,337609.0,339077.62324658805,-1468.6232465880457,1468.6232465880457
2025-11,2025-11-01,East Midlands,England,243946,240819.0,240772.99600836483,46.00399163516704,46.00399163516704
2025-11,2025-11-01,South East,England,381561,378125.0,382554.5141531675,-4429.514153167489,4429.514153167489
2025-11,2025-11-01,South West,England,305978,300394.0,300890.66123999393,-496.6612399939331,496.6612399939331
2025-11,2025-11-01,London,England,557252,542175.0,550588.9681278924,-8413.968127892353,8413.968127892353
2025-12,2025-12-01,South West,England,300869,301622.0,303064.77269899694,-1442.7726989969378,1442.7726989969378
2025-12,2025-12-01,North West,England,216134,214928.0,216112.12950156338,-1184.1295015633805,1184.1295015633805
2025-12,2025-12-01,East Midlands,England,242422,241631.0,240563.32123911317,1067.6787608868326,1067.6787608868326
2025-12,2025-12-01,West Midlands,England,246039,246290.0,246446.71159823236,-156.7115982323594,156.7115982323594
2025-12,2025-12-01,South East,England,376823,377815.0,378435.4767101275,-620.476710127492,620.476710127492
2025-12,2025-12-01,London,England,547969,542378.0,553476.189534938,-11098.189534937963,11098.189534937963
2025-12,2025-12-01,Scotland,Scotland,187909,186842.0,190921.8259787878,-4079.8259787877905,4079.8259787877905
2025-12,2025-12-01,North East,England,162610,162046.0,162915.41378292185,-869.4137829218525,869.4137829218525
2025-12,2025-12-01,Yorkshire and The Humber,England,206868,207433.0,206480.68275879297,952.3172412070271,952.3172412070271
2025-12,2025-12-01,Northern Ireland,Northern Ireland,195111,198015.0,194146.53524994297,3868.464750057028,3868.464750057028
2025-12,2025-12-01,East,England,337154,335131.0,337008.20994254143,-1877.2099425414344,1877.2099425414344
2025-12,2025-12-01,Wales,Wales,213977,213035.0,209208.880123167,3826.1198768329923,3826.1198768329923
2026-01,2026-01-01,Northern Ireland,Northern Ireland,198015,198015.0,194520.89722154225,3494.1027784577454,3494.1027784577454
2026-01,2026-01-01,Wales,Wales,209593,212489.0,211405.88817445125,1083.1118255487527,1083.1118255487527
2026-01,2026-01-01,South West,England,299003,302618.0,297800.086847118,4817.913152882014,4817.913152882014
2026-01,2026-01-01,South East,England,378178,376819.0,373944.1064470539,2874.8935529461014,2874.8935529461014
2026-01,2026-01-01,Scotland,Scotland,187641,191927.0,185335.62098134618,6591.3790186538245,6591.3790186538245
2026-01,2026-01-01,North West,England,213891,216138.0,213543.81854031878,2594.1814596812183,2594.1814596812183
2026-01,2026-01-01,North East,England,158758,163190.0,159658.12481383287,3531.8751861671335,3531.8751861671335
2026-01,2026-01-01,London,England,551438,552655.0,544356.6982081435,8298.301791856531,8298.301791856531
2026-01,2026-01-01,East Midlands,England,239750,241620.0,239250.5330480613,2369.4669519386953,2369.4669519386953
2026-01,2026-01-01,East,England,334542,336300.0,334682.6670653759,1617.332934624108,1617.332934624108
2026-01,2026-01-01,West Midlands,England,246080,250625.0,243324.73586153437,7300.264138465631,7300.264138465631
2026-01,2026-01-01,Yorkshire and The Humber,England,206137,207974.0,204147.05464614407,3826.945353855932,3826.945353855932
